Data;Abertura;Alta;Baixa;Fechamento;Fechamento Ajustado
02/01/2018;76403000000;77909000000;76403000000;77891000000;77891000000
03/01/2018;77889000000;78414000000;77602000000;77995000000;77995000000
04/01/2018;77998000000;79135000000;77998000000;78647000000;78647000000
05/01/2018;78644000000;79071000000;78218000000;79071000000;79071000000
08/01/2018;79070000000;79395000000;78631000000;79379000000;79379000000
09/01/2018;79379000000;79415000000;78699000000;78864000000;78864000000
10/01/2018;78864000000;78864000000;78164000000;78201000000;78201000000
11/01/2018;78201000000;79365000000;78201000000;79365000000;79365000000
12/01/2018;79365000000;79440000000;78861000000;79349000000;79349000000
15/01/2018;79349000000;79847000000;79349000000;79752000000;79752000000
16/01/2018;79751000000;80246000000;79668000000;79832000000;79832000000
17/01/2018;79832000000;81189000000;79828000000;81189000000;81189000000
18/01/2018;81185000000;81367000000;80498000000;80963000000;80963000000
19/01/2018;80965000000;81429000000;80854000000;81220000000;81220000000
22/01/2018;81220000000;81675000000;80923000000;81675000000;81675000000
23/01/2018;81676000000;81676000000;80524000000;80678000000;80678000000
24/01/2018;80679000000;83680000000;80679000000;83680000000;83680000000
26/01/2018;83680000000;85531000000;83680000000;85531000000;85531000000
29/01/2018;85531000000;85531000000;84341000000;84698000000;84698000000
30/01/2018;84697000000;84697000000;83804000000;84482000000;84482000000
31/01/2018;84485000000;86213000000;84484000000;84913000000;84913000000
01/02/2018;84913000000;86028000000;84833000000;85495000000;85495000000
02/02/2018;85495000000;85495000000;83831000000;84041000000;84041000000
05/02/2018;84040000000;84311000000;81861000000;81861000000;81861000000
06/02/2018;81857000000;84162000000;80804000000;83894000000;83894000000
07/02/2018;83894000000;84410000000;82548000000;82767000000;82767000000
08/02/2018;82773000000;83501000000;81109000000;81533000000;81533000000
09/02/2018;81532000000;81897000000;79690000000;80899000000;80899000000
14/02/2018;80901000000;83782000000;80901000000;83543000000;83543000000
15/02/2018;83551000000;84686000000;83551000000;84291000000;84291000000
16/02/2018;84291000000;84575000000;83824000000;84525000000;84525000000
19/02/2018;84525000000;84956000000;84525000000;84793000000;84793000000
20/02/2018;84792000000;86290000000;84261000000;85804000000;85804000000
21/02/2018;85804000000;87358000000;85804000000;86052000000;86052000000
22/02/2018;86050000000;87159000000;86050000000;86686000000;86686000000
23/02/2018;86690000000;87345000000;86138000000;87293000000;87293000000
26/02/2018;87296000000;88318000000;87242000000;87653000000;87653000000
27/02/2018;87649000000;87839000000;86613000000;86935000000;86935000000
28/02/2018;86939000000;87109000000;85431000000;85481000000;85481000000
01/03/2018;85337000000;86260000000;84640000000;85378000000;85378000000
02/03/2018;85378000000;85761000000;83897000000;85761000000;85761000000
05/03/2018;85292000000;86165000000;85053000000;86023000000;86023000000
06/03/2018;86023000000;86931000000;85653000000;85653000000;85653000000
07/03/2018;85653000000;85653000000;84397000000;85484000000;85484000000
08/03/2018;85510000000;85830000000;84491000000;84985000000;84985000000
09/03/2018;84987000000;86389000000;84749000000;86371000000;86371000000
12/03/2018;86386000000;87046000000;86386000000;86900000000;86900000000
13/03/2018;86902000000;87333000000;86119000000;86384000000;86384000000
14/03/2018;86383000000;86970000000;85691000000;86051000000;86051000000
15/03/2018;86051000000;86051000000;84720000000;84928000000;84928000000
16/03/2018;84928000000;85495000000;84525000000;84886000000;84886000000
19/03/2018;84886000000;84886000000;83678000000;83913000000;83913000000
20/03/2018;83919000000;84412000000;83682000000;84164000000;84164000000
21/03/2018;84166000000;85145000000;84080000000;84977000000;84977000000
22/03/2018;84984000000;85499000000;84197000000;84768000000;84768000000
23/03/2018;84766000000;85450000000;84042000000;84377000000;84377000000
26/03/2018;84377000000;85553000000;84357000000;85088000000;85088000000
27/03/2018;85103000000;85296000000;83542000000;83808000000;83808000000
28/03/2018;83806000000;83889000000;82889000000;83874000000;83874000000
29/03/2018;83874000000;85708000000;83874000000;85366000000;85366000000
02/04/2018;85365000000;85675000000;84166000000;84666000000;84666000000
03/04/2018;84669000000;85411000000;84210000000;84623000000;84623000000
04/04/2018;84610000000;84610000000;82826000000;84360000000;84360000000
05/04/2018;84374000000;86148000000;84374000000;85210000000;85210000000
06/04/2018;85210000000;85210000000;83833000000;84820000000;84820000000
09/04/2018;84832000000;85110000000;83155000000;83307000000;83307000000
10/04/2018;83312000000;84538000000;83312000000;84510000000;84510000000
11/04/2018;84494000000;85417000000;84340000000;85246000000;85246000000
12/04/2018;85246000000;85577000000;85025000000;85444000000;85444000000
13/04/2018;85441000000;85441000000;84144000000;84334000000;84334000000
16/04/2018;84328000000;84591000000;82762000000;82862000000;82862000000
17/04/2018;82862000000;84191000000;82810000000;84086000000;84086000000
18/04/2018;84090000000;86149000000;84090000000;85776000000;85776000000
19/04/2018;85775000000;86059000000;85197000000;85824000000;85824000000
20/04/2018;85823000000;85823000000;85025000000;85550000000;85550000000
23/04/2018;85520000000;85746000000;84711000000;85602000000;85602000000
24/04/2018;85603000000;86578000000;85106000000;85469000000;85469000000
25/04/2018;85466000000;85466000000;84349000000;85044000000;85044000000
26/04/2018;85051000000;86383000000;85051000000;86383000000;86383000000
27/04/2018;86383000000;87179000000;86262000000;86445000000;86445000000
30/04/2018;86443000000;86739000000;85979000000;86115000000;86115000000
02/05/2018;86111000000;86111000000;84383000000;84547000000;84547000000
03/05/2018;84547000000;84562000000;83178000000;83288000000;83288000000
04/05/2018;83286000000;83671000000;82746000000;83118000000;83118000000
07/05/2018;83199000000;83643000000;82602000000;82714000000;82714000000
08/05/2018;82715000000;83409000000;82201000000;82956000000;82956000000
09/05/2018;82977000000;84447000000;82855000000;84265000000;84265000000
10/05/2018;84284000000;86201000000;84284000000;85861000000;85861000000
11/05/2018;85861000000;86406000000;85183000000;85220000000;85220000000
14/05/2018;85222000000;86105000000;84688000000;85232000000;85232000000
15/05/2018;85225000000;85231000000;83830000000;85130000000;85130000000
16/05/2018;85122000000;86678000000;85044000000;86537000000;86537000000
17/05/2018;86537000000;86537000000;83377000000;83622000000;83622000000
18/05/2018;83614000000;83614000000;81391000000;83082000000;83082000000
21/05/2018;83095000000;83883000000;81576000000;81815000000;81815000000
22/05/2018;81817000000;83396000000;81613000000;82739000000;82739000000
23/05/2018;82742000000;82742000000;80867000000;80867000000;80867000000
24/05/2018;80860000000;80860000000;79027000000;80122000000;80122000000
25/05/2018;80123000000;80629000000;78622000000;78898000000;78898000000
28/05/2018;78886000000;78886000000;75337000000;75356000000;75356000000
29/05/2018;75361000000;77214000000;75361000000;76072000000;76072000000
30/05/2018;76058000000;77097000000;75515000000;76754000000;76754000000
01/06/2018;76779000000;78169000000;75524000000;77240000000;77240000000
04/06/2018;77244000000;78637000000;77244000000;78596000000;78596000000
05/06/2018;78595000000;78892000000;76412000000;76642000000;76642000000
06/06/2018;76641000000;76967000000;75518000000;76117000000;76117000000
07/06/2018;76117000000;76117000000;71162000000;73851000000;73851000000
08/06/2018;73848000000;74031000000;71679000000;72942000000;72942000000
11/06/2018;72943000000;73716000000;71843000000;72308000000;72308000000
12/06/2018;72308000000;73322000000;72124000000;72754000000;72754000000
13/06/2018;72757000000;72977000000;71035000000;72122000000;72122000000
14/06/2018;72151000000;72708000000;71344000000;71421000000;71421000000
15/06/2018;71421000000;71421000000;69583000000;70758000000;70758000000
18/06/2018;70757000000;70757000000;69360000000;69815000000;69815000000
19/06/2018;69811000000;72010000000;69069000000;71394000000;71394000000
20/06/2018;71397000000;72617000000;71155000000;72123000000;72123000000
21/06/2018;72117000000;72207000000;70019000000;70075000000;70075000000
22/06/2018;70077000000;71058000000;69907000000;70641000000;70641000000
25/06/2018;70642000000;71323000000;69779000000;70953000000;70953000000
26/06/2018;70968000000;71622000000;70203000000;71405000000;71405000000
27/06/2018;71405000000;72032000000;70134000000;70609000000;70609000000
28/06/2018;70609000000;72092000000;70439000000;71767000000;71767000000
29/06/2018;71779000000;73020000000;71779000000;72763000000;72763000000
02/07/2018;72763000000;72840000000;71935000000;72840000000;72840000000
03/07/2018;72848000000;74515000000;72848000000;73668000000;73668000000
04/07/2018;73667000000;74904000000;73450000000;74743000000;74743000000
05/07/2018;74751000000;75127000000;73756000000;74553000000;74553000000
06/07/2018;74558000000;75065000000;74048000000;75010000000;75010000000
10/07/2018;75015000000;75895000000;74431000000;74862000000;74862000000
11/07/2018;74862000000;75025000000;74196000000;74399000000;74399000000
12/07/2018;74403000000;75898000000;74403000000;75856000000;75856000000
13/07/2018;75856000000;76682000000;75554000000;76594000000;76594000000
16/07/2018;76587000000;76924000000;76129000000;76653000000;76653000000
17/07/2018;76653000000;78522000000;76482000000;78130000000;78130000000
18/07/2018;78124000000;78496000000;77164000000;77363000000;77363000000
19/07/2018;77360000000;77487000000;75890000000;77487000000;77487000000
20/07/2018;77500000000;79489000000;77500000000;78571000000;78571000000
23/07/2018;78571000000;78639000000;77871000000;77996000000;77996000000
24/07/2018;78005000000;79497000000;78005000000;79155000000;79155000000
25/07/2018;79154000000;80437000000;79154000000;80218000000;80218000000
26/07/2018;80242000000;80589000000;79081000000;79405000000;79405000000
27/07/2018;79405000000;80251000000;79405000000;79866000000;79866000000
30/07/2018;79866000000;80492000000;79699000000;80276000000;80276000000
31/07/2018;80279000000;80279000000;79016000000;79220000000;79220000000
01/08/2018;79213000000;79731000000;78769000000;79302000000;79302000000
02/08/2018;79237000000;79896000000;78573000000;79637000000;79637000000
03/08/2018;79656000000;81792000000;79656000000;81435000000;81435000000
06/08/2018;81445000000;81765000000;80965000000;81051000000;81051000000
07/08/2018;81093000000;81742000000;79923000000;80347000000;80347000000
08/08/2018;80347000000;80912000000;78966000000;79152000000;79152000000
09/08/2018;79171000000;79461000000;78156000000;78768000000;78768000000
10/08/2018;78766000000;78766000000;76043000000;76514000000;76514000000
13/08/2018;76513000000;77689000000;75931000000;77496000000;77496000000
14/08/2018;77499000000;78742000000;77499000000;78602000000;78602000000
15/08/2018;78614000000;78618000000;76829000000;77078000000;77078000000
16/08/2018;77085000000;77704000000;76381000000;76819000000;76819000000
17/08/2018;76817000000;76817000000;75633000000;76029000000;76029000000
20/08/2018;76029000000;76497000000;75608000000;76328000000;76328000000
21/08/2018;76327000000;76340000000;74915000000;75180000000;75180000000
22/08/2018;75171000000;76904000000;74876000000;76902000000;76902000000
23/08/2018;76898000000;77232000000;75466000000;75634000000;75634000000
24/08/2018;75647000000;76629000000;75647000000;76262000000;76262000000
27/08/2018;76264000000;78008000000;76264000000;77930000000;77930000000
28/08/2018;77928000000;78038000000;77149000000;77473000000;77473000000
29/08/2018;77472000000;78783000000;77399000000;78389000000;78389000000
30/08/2018;78389000000;78389000000;76372000000;76404000000;76404000000
31/08/2018;76386000000;77202000000;76026000000;76678000000;76678000000
03/09/2018;76675000000;76675000000;75729000000;76193000000;76193000000
04/09/2018;76192000000;76192000000;74605000000;74712000000;74712000000
05/09/2018;74712000000;75370000000;74276000000;75092000000;75092000000
06/09/2018;75098000000;76533000000;74986000000;76416000000;76416000000
10/09/2018;76416000000;77293000000;76115000000;76436000000;76436000000
11/09/2018;76437000000;76437000000;74275000000;74657000000;74657000000
12/09/2018;74680000000;75680000000;74499000000;75125000000;75125000000
13/09/2018;75126000000;75407000000;74501000000;74687000000;74687000000
14/09/2018;74687000000;75705000000;74445000000;75429000000;75429000000
17/09/2018;75428000000;76893000000;75227000000;76789000000;76789000000
18/09/2018;76781000000;78454000000;76677000000;78314000000;78314000000
19/09/2018;78268000000;79021000000;77624000000;78169000000;78169000000
20/09/2018;78169000000;78944000000;77820000000;78116000000;78116000000
21/09/2018;78116000000;80002000000;78116000000;79444000000;79444000000
24/09/2018;79447000000;79447000000;77857000000;77984000000;77984000000
25/09/2018;77980000000;78688000000;77005000000;78630000000;78630000000
26/09/2018;78634000000;79461000000;78530000000;78656000000;78656000000
27/09/2018;78676000000;80107000000;78676000000;80000000000;80000000000
28/09/2018;80000000000;80000000000;78967000000;79342000000;79342000000
01/10/2018;79350000000;79557000000;78091000000;78624000000;78624000000
02/10/2018;78625000000;81778000000;78625000000;81612000000;81612000000
03/10/2018;81624000000;85442000000;81623000000;83273000000;83273000000
04/10/2018;83275000000;83430000000;81892000000;82953000000;82953000000
05/10/2018;82972000000;83805000000;82030000000;82322000000;82322000000
08/10/2018;82324000000;87333000000;82324000000;86084000000;86084000000
09/10/2018;86053000000;86573000000;85433000000;86088000000;86088000000
10/10/2018;86084000000;86085000000;83679000000;83679000000;83679000000
11/10/2018;83700000000;84749000000;82607000000;82921000000;82921000000
15/10/2018;82922000000;84278000000;82922000000;83360000000;83360000000
16/10/2018;83420000000;85718000000;83420000000;85718000000;85718000000
17/10/2018;85714000000;86167000000;84944000000;85764000000;85764000000
18/10/2018;85760000000;85760000000;83846000000;83847000000;83847000000
19/10/2018;83845000000;84954000000;83667000000;84220000000;84220000000
22/10/2018;84222000000;85772000000;84222000000;85597000000;85597000000
23/10/2018;85595000000;85595000000;84032000000;85300000000;85300000000
24/10/2018;85302000000;85786000000;83035000000;83064000000;83064000000
25/10/2018;83124000000;84831000000;83124000000;84084000000;84084000000
26/10/2018;84084000000;85720000000;83497000000;85720000000;85720000000
29/10/2018;85728000000;88377000000;82783000000;83797000000;83797000000
30/10/2018;83802000000;86990000000;83802000000;86886000000;86886000000
31/10/2018;86889000000;88028000000;86213000000;87424000000;87424000000
01/11/2018;87428000000;89017000000;87094000000;88419000000;88419000000
05/11/2018;88418000000;89598000000;88347000000;89598000000;89598000000
06/11/2018;89587000000;89587000000;88066000000;88669000000;88669000000
07/11/2018;88676000000;89565000000;87541000000;87714000000;87714000000
08/11/2018;87719000000;88570000000;85620000000;85620000000;85620000000
09/11/2018;85620000000;86233000000;84030000000;85641000000;85641000000
12/11/2018;85644000000;86227000000;85009000000;85525000000;85525000000
13/11/2018;85531000000;85941000000;84071000000;84914000000;84914000000
14/11/2018;84898000000;85973000000;84267000000;85973000000;85973000000
16/11/2018;85975000000;88516000000;85975000000;88515000000;88515000000
19/11/2018;88472000000;88484000000;87047000000;87901000000;87901000000
21/11/2018;87896000000;87896000000;86254000000;87269000000;87269000000
22/11/2018;87269000000;87656000000;87222000000;87477000000;87477000000
23/11/2018;87479000000;87479000000;85763000000;86230000000;86230000000
26/11/2018;86237000000;87147000000;84905000000;85547000000;85547000000
27/11/2018;85547000000;88018000000;85377000000;87891000000;87891000000
28/11/2018;87891000000;89483000000;87153000000;89251000000;89251000000
29/11/2018;89145000000;89910000000;88475000000;89710000000;89710000000
30/11/2018;89709000000;90246000000;89258000000;89504000000;89504000000
03/12/2018;89511000000;91242000000;89429000000;89820000000;89820000000
04/12/2018;89820000000;90452000000;88041000000;88624000000;88624000000
05/12/2018;88644000000;89111000000;88449000000;89040000000;89040000000
06/12/2018;88933000000;88933000000;87025000000;88846000000;88846000000
07/12/2018;88849000000;89986000000;87907000000;88115000000;88115000000
10/12/2018;88115000000;88384000000;85915000000;85915000000;85915000000
11/12/2018;85918000000;87520000000;85583000000;86420000000;86420000000
12/12/2018;86420000000;87946000000;86420000000;86977000000;86977000000
13/12/2018;86979000000;87842000000;86856000000;87838000000;87838000000
14/12/2018;87838000000;88184000000;87106000000;87450000000;87450000000
17/12/2018;87448000000;87820000000;86328000000;86400000000;86400000000
18/12/2018;86400000000;87274000000;86400000000;86610000000;86610000000
19/12/2018;86617000000;88101000000;85674000000;85674000000;85674000000
20/12/2018;85678000000;86584000000;84756000000;85269000000;85269000000
21/12/2018;85269000000;86554000000;85134000000;85697000000;85697000000
26/12/2018;85684000000;85684000000;83892000000;85136000000;85136000000
27/12/2018;85141000000;85739000000;84876000000;85460000000;85460000000
28/12/2018;85469000000;88044000000;85469000000;87887000000;87887000000
02/01/2019;87887000000;91479000000;87536000000;91012000000;91012000000
03/01/2019;91011000000;91596000000;89922000000;91564000000;91564000000
04/01/2019;91577000000;92701000000;90824000000;91841000000;91841000000
07/01/2019;91845000000;92552000000;91288000000;91699000000;91699000000
08/01/2019;91699000000;92231000000;91064000000;92032000000;92032000000
09/01/2019;92033000000;93626000000;92028000000;93613000000;93613000000
10/01/2019;93599000000;93987000000;93050000000;93806000000;93806000000
11/01/2019;93806000000;93961000000;93359000000;93658000000;93658000000
14/01/2019;93645000000;94474000000;93335000000;94474000000;94474000000
15/01/2019;94474000000;94695000000;93402000000;94056000000;94056000000
16/01/2019;94057000000;94393000000;93687000000;94393000000;94393000000
17/01/2019;94393000000;95682000000;93950000000;95351000000;95351000000
18/01/2019;95386000000;96396000000;95386000000;96097000000;96097000000
21/01/2019;96093000000;96093000000;94863000000;96010000000;96010000000
22/01/2019;96008000000;96070000000;94662000000;95103000000;95103000000
23/01/2019;95116000000;96576000000;95116000000;96558000000;96558000000
24/01/2019;96558000000;97677000000;96558000000;97677000000;97677000000
28/01/2019;97674000000;97937000000;94783000000;95444000000;95444000000
29/01/2019;95508000000;96751000000;95508000000;95639000000;95639000000
30/01/2019;95643000000;97107000000;95643000000;96996000000;96996000000
31/01/2019;96996000000;98405000000;96996000000;97394000000;97394000000
01/02/2019;97395000000;98044000000;96990000000;97861000000;97861000000
04/02/2019;97861000000;98589000000;96901000000;98589000000;98589000000
05/02/2019;98587000000;98587000000;97596000000;98311000000;98311000000
06/02/2019;98308000000;98308000000;94636000000;94636000000;94636000000
07/02/2019;94654000000;95642000000;93507000000;94406000000;94406000000
08/02/2019;94401000000;95486000000;93424000000;95343000000;95343000000
11/02/2019;95351000000;95499000000;93737000000;94413000000;94413000000
12/02/2019;94420000000;96571000000;94420000000;96168000000;96168000000
13/02/2019;96169000000;96804000000;95389000000;95842000000;95842000000
14/02/2019;95843000000;98019000000;94915000000;98015000000;98015000000
15/02/2019;98015000000;98238000000;97083000000;97526000000;97526000000
18/02/2019;97527000000;97527000000;96239000000;96510000000;96510000000
19/02/2019;96513000000;98185000000;96513000000;97659000000;97659000000
20/02/2019;97661000000;98544000000;96545000000;96545000000;96545000000
21/02/2019;96546000000;97231000000;95793000000;96932000000;96932000000
22/02/2019;96929000000;97887000000;96929000000;97886000000;97886000000
25/02/2019;97881000000;98190000000;97087000000;97240000000;97240000000
26/02/2019;97242000000;97904000000;97235000000;97603000000;97603000000
27/02/2019;97603000000;97782000000;96886000000;97307000000;97307000000
28/02/2019;97307000000;97528000000;95364000000;95584000000;95584000000
01/03/2019;95584000000;96113000000;94394000000;94604000000;94604000000
06/03/2019;94604000000;94889000000;93945000000;94217000000;94217000000
07/03/2019;94216000000;94532000000;93729000000;94340000000;94340000000
08/03/2019;94340000000;95476000000;93305000000;95365000000;95365000000
11/03/2019;95384000000;98027000000;95384000000;98027000000;98027000000
12/03/2019;98038000000;98150000000;97267000000;97828000000;97828000000
13/03/2019;97831000000;99267000000;97464000000;98904000000;98904000000
14/03/2019;98905000000;99036000000;97776000000;98605000000;98605000000
15/03/2019;98605000000;99393000000;98597000000;99137000000;99137000000
18/03/2019;99141000000;100038000000;99141000000;99994000000;99994000000
19/03/2019;99991000000;100439000000;99373000000;99588000000;99588000000
20/03/2019;99588000000;99708000000;97981000000;98041000000;98041000000
21/03/2019;98041000000;98046000000;95456000000;96729000000;96729000000
22/03/2019;96725000000;96725000000;93380000000;93735000000;93735000000
25/03/2019;93735000000;94384000000;93103000000;93662000000;93662000000
26/03/2019;93668000000;95525000000;93668000000;95307000000;95307000000
27/03/2019;95297000000;95297000000;91903000000;91903000000;91903000000
28/03/2019;91901000000;94854000000;91584000000;94389000000;94389000000
29/03/2019;94402000000;95863000000;94402000000;95415000000;95415000000
01/04/2019;95423000000;96752000000;95423000000;96054000000;96054000000
02/04/2019;96062000000;96690000000;94825000000;95387000000;95387000000
03/04/2019;95392000000;96442000000;94124000000;94491000000;94491000000
04/04/2019;94503000000;96394000000;94334000000;96313000000;96313000000
05/04/2019;96319000000;97493000000;96152000000;97108000000;97108000000
08/04/2019;97110000000;97610000000;96743000000;97369000000;97369000000
09/04/2019;97366000000;97366000000;95488000000;96292000000;96292000000
10/04/2019;96292000000;96902000000;95670000000;95953000000;95953000000
11/04/2019;95954000000;95954000000;94173000000;94755000000;94755000000
12/04/2019;94747000000;94768000000;92516000000;92875000000;92875000000
15/04/2019;92875000000;93723000000;92697000000;93083000000;93083000000
16/04/2019;93082000000;95062000000;92879000000;94333000000;94333000000
17/04/2019;94337000000;95042000000;92338000000;93285000000;93285000000
18/04/2019;93285000000;95140000000;93285000000;94578000000;94578000000
22/04/2019;94578000000;95038000000;93721000000;94588000000;94588000000
23/04/2019;94590000000;96315000000;94590000000;95923000000;95923000000
24/04/2019;95923000000;95923000000;94163000000;95045000000;95045000000
25/04/2019;95027000000;96552000000;94213000000;96552000000;96552000000
26/04/2019;96552000000;96563000000;95620000000;96236000000;96236000000
29/04/2019;96254000000;97123000000;96004000000;96188000000;96188000000
30/04/2019;96191000000;96707000000;95613000000;96353000000;96353000000
02/05/2019;96339000000;96339000000;95312000000;95528000000;95528000000
03/05/2019;95521000000;96315000000;95521000000;96008000000;96008000000
06/05/2019;95992000000;95992000000;94540000000;95009000000;95009000000
07/05/2019;95009000000;95009000000;92750000000;94389000000;94389000000
08/05/2019;94389000000;96312000000;94389000000;95597000000;95597000000
09/05/2019;95597000000;95597000000;93883000000;94808000000;94808000000
10/05/2019;94809000000;94848000000;93234000000;94258000000;94258000000
13/05/2019;94252000000;94252000000;91600000000;91727000000;91727000000
14/05/2019;91736000000;92529000000;91562000000;92092000000;92092000000
15/05/2019;92088000000;92088000000;90295000000;91623000000;91623000000
16/05/2019;91622000000;91622000000;89778000000;90024000000;90024000000
17/05/2019;90023000000;91321000000;89409000000;89993000000;89993000000
20/05/2019;90006000000;92117000000;89822000000;91946000000;91946000000
21/05/2019;91946000000;94573000000;91946000000;94485000000;94485000000
22/05/2019;94485000000;95212000000;93883000000;94361000000;94361000000
23/05/2019;94360000000;94547000000;93300000000;93910000000;93910000000
24/05/2019;93912000000;94900000000;93545000000;93628000000;93628000000
27/05/2019;93626000000;95444000000;93626000000;94864000000;94864000000
28/05/2019;94863000000;96552000000;94707000000;96393000000;96393000000
29/05/2019;96389000000;96986000000;95690000000;96567000000;96567000000
30/05/2019;96566000000;97939000000;96511000000;97457000000;97457000000
31/05/2019;97420000000;97992000000;96792000000;97030000000;97030000000
03/06/2019;97036000000;97757000000;96430000000;97020000000;97020000000
04/06/2019;97020000000;97723000000;96593000000;97380000000;97380000000
05/06/2019;97381000000;97686000000;95686000000;95999000000;95999000000
06/06/2019;96002000000;97462000000;96002000000;97205000000;97205000000
07/06/2019;97205000000;98326000000;97205000000;97821000000;97821000000
10/06/2019;97828000000;97856000000;96782000000;97467000000;97467000000
11/06/2019;97467000000;98985000000;97467000000;98960000000;98960000000
12/06/2019;98960000000;99240000000;97831000000;98321000000;98321000000
13/06/2019;98321000000;99364000000;98321000000;98774000000;98774000000
14/06/2019;98776000000;98981000000;97601000000;98040000000;98040000000
17/06/2019;98038000000;98439000000;97623000000;97623000000;97623000000
18/06/2019;97633000000;99412000000;97633000000;99404000000;99404000000
19/06/2019;99403000000;100327000000;98978000000;100303000000;100303000000
21/06/2019;100305000000;102100000000;100305000000;102013000000;102013000000
24/06/2019;102018000000;102617000000;101589000000;102062000000;102062000000
25/06/2019;102061000000;102061000000;99890000000;100093000000;100093000000
26/06/2019;100095000000;101126000000;100095000000;100689000000;100689000000
27/06/2019;100689000000;101025000000;99421000000;100724000000;100724000000
28/06/2019;100726000000;101563000000;100726000000;100967000000;100967000000
01/07/2019;100973000000;102432000000;100973000000;101340000000;101340000000
02/07/2019;101342000000;101565000000;100073000000;100605000000;100605000000
03/07/2019;100576000000;102177000000;100451000000;102043000000;102043000000
04/07/2019;102047000000;104022000000;102047000000;103636000000;103636000000
05/07/2019;103628000000;104176000000;102622000000;104089000000;104089000000
08/07/2019;104090000000;104679000000;103988000000;104530000000;104530000000
10/07/2019;104537000000;106650000000;104537000000;105817000000;105817000000
11/07/2019;105818000000;105886000000;104814000000;105146000000;105146000000
12/07/2019;105158000000;105731000000;103903000000;103906000000;103906000000
15/07/2019;103909000000;104578000000;103495000000;103803000000;103803000000
16/07/2019;103805000000;104440000000;103361000000;103775000000;103775000000
17/07/2019;103775000000;104453000000;103712000000;103856000000;103856000000
18/07/2019;103859000000;104773000000;103859000000;104717000000;104717000000
19/07/2019;104716000000;104723000000;103388000000;103452000000;103452000000
22/07/2019;103452000000;104278000000;103452000000;103949000000;103949000000
23/07/2019;103949000000;104430000000;103518000000;103704000000;103704000000
24/07/2019;103707000000;104570000000;103707000000;104120000000;104120000000
25/07/2019;102991000000;103464000000;102390000000;102655000000;102655000000
26/07/2019;102654000000;103209000000;102196000000;102819000000;102819000000
29/07/2019;102817000000;103483000000;102461000000;103483000000;103483000000
30/07/2019;103483000000;103555000000;102596000000;102933000000;102933000000
31/07/2019;102946000000;103129000000;100950000000;101812000000;101812000000
01/08/2019;101819000000;104056000000;101819000000;102126000000;102126000000
02/08/2019;102122000000;103180000000;101667000000;102674000000;102674000000
05/08/2019;102658000000;102658000000;99630000000;100098000000;100098000000
06/08/2019;100098000000;102178000000;100098000000;102164000000;102164000000
07/08/2019;102163000000;102784000000;100476000000;102782000000;102782000000
08/08/2019;102811000000;104282000000;102811000000;104115000000;104115000000
09/08/2019;104102000000;104848000000;103547000000;103996000000;103996000000
12/08/2019;103946000000;103946000000;101621000000;101915000000;101915000000
13/08/2019;101912000000;103778000000;101414000000;103299000000;103299000000
14/08/2019;103270000000;103270000000;99955000000;100258000000;100258000000
15/08/2019;100262000000;101014000000;98200000000;99057000000;99057000000
16/08/2019;99059000000;100567000000;99059000000;99806000000;99806000000
19/08/2019;99810000000;100948000000;98908000000;99469000000;99469000000
20/08/2019;99472000000;99665000000;98002000000;99222000000;99222000000
21/08/2019;99227000000;101240000000;99221000000;101202000000;101202000000
22/08/2019;101209000000;101469000000;100011000000;100011000000;100011000000
23/08/2019;100007000000;100025000000;97085000000;97667000000;97667000000
26/08/2019;97687000000;98436000000;95961000000;96430000000;96430000000
27/08/2019;96434000000;97951000000;95855000000;97276000000;97276000000
28/08/2019;97273000000;98346000000;96557000000;98194000000;98194000000
29/08/2019;98194000000;100684000000;98194000000;100524000000;100524000000
30/08/2019;100526000000;101551000000;100526000000;101135000000;101135000000
02/09/2019;101133000000;101611000000;100626000000;100626000000;100626000000
03/09/2019;100626000000;101417000000;99406000000;99681000000;99681000000
04/09/2019;99706000000;101201000000;99706000000;101201000000;101201000000
05/09/2019;101204000000;103258000000;101204000000;102243000000;102243000000
06/09/2019;102247000000;103182000000;102246000000;102935000000;102935000000
09/09/2019;102937000000;104260000000;102793000000;103181000000;103181000000
10/09/2019;103180000000;103503000000;102231000000;103032000000;103032000000
11/09/2019;103036000000;104156000000;103036000000;103446000000;103446000000
12/09/2019;104389000000;104618000000;103733000000;104371000000;104371000000
13/09/2019;104371000000;104699000000;103275000000;103501000000;103501000000
16/09/2019;103496000000;104005000000;102782000000;103680000000;103680000000
17/09/2019;103680000000;104619000000;103079000000;104617000000;104617000000
18/09/2019;104616000000;104762000000;103684000000;104532000000;104532000000
19/09/2019;104555000000;106001000000;104286000000;104339000000;104339000000
20/09/2019;104339000000;105045000000;103914000000;104817000000;104817000000
23/09/2019;104817000000;104817000000;104020000000;104638000000;104638000000
24/09/2019;104638000000;104893000000;103504000000;103876000000;103876000000
25/09/2019;103857000000;104481000000;103034000000;104481000000;104481000000
26/09/2019;104485000000;105342000000;104337000000;105319000000;105319000000
27/09/2019;105319000000;105633000000;104506000000;105078000000;105078000000
30/09/2019;105077000000;105178000000;104638000000;104745000000;104745000000
01/10/2019;104745000000;105121000000;103837000000;104053000000;104053000000
02/10/2019;104049000000;104049000000;100944000000;101031000000;101031000000
03/10/2019;101031000000;101560000000;99826000000;101516000000;101516000000
04/10/2019;101516000000;102580000000;101057000000;102551000000;102551000000
07/10/2019;102546000000;102546000000;100542000000;100573000000;100573000000
08/10/2019;100565000000;101296000000;99868000000;99981000000;99981000000
09/10/2019;100005000000;101567000000;100005000000;101249000000;101249000000
10/10/2019;101244000000;102483000000;101152000000;101817000000;101817000000
11/10/2019;101819000000;104381000000;101819000000;103832000000;103832000000
14/10/2019;103834000000;104305000000;103438000000;104302000000;104302000000
15/10/2019;104299000000;105048000000;104052000000;104490000000;104490000000
16/10/2019;104486000000;105462000000;103521000000;105423000000;105423000000
17/10/2019;105389000000;105891000000;104827000000;105016000000;105016000000
18/10/2019;105012000000;105464000000;104525000000;104729000000;104729000000
21/10/2019;104729000000;106027000000;104696000000;106022000000;106022000000
22/10/2019;107101000000;107382000000;107076000000;107381000000;107381000000
23/10/2019;107381000000;107959000000;107041000000;107544000000;107544000000
24/10/2019;107553000000;107744000000;106593000000;106986000000;106986000000
25/10/2019;106990000000;108083000000;106990000000;107364000000;107364000000
28/10/2019;107366000000;108393000000;107362000000;108187000000;108187000000
29/10/2019;108189000000;108195000000;107313000000;107556000000;107556000000
30/10/2019;107557000000;108408000000;106622000000;108408000000;108408000000
31/10/2019;108403000000;108403000000;106356000000;107220000000;107220000000
01/11/2019;107221000000;108496000000;107220000000;108196000000;108196000000
04/11/2019;108196000000;109352000000;108196000000;108601000000;108601000000
05/11/2019;108779000000;109343000000;108253000000;108451000000;108451000000
06/11/2019;108719000000;109633000000;107446000000;108336000000;108336000000
07/11/2019;108360000000;109672000000;108360000000;109581000000;109581000000
08/11/2019;109572000000;109572000000;107127000000;107629000000;107629000000
11/11/2019;107622000000;108263000000;106814000000;108215000000;108215000000
12/11/2019;108368000000;108368000000;106232000000;106785000000;106785000000
13/11/2019;106751000000;106786000000;105261000000;105914000000;105914000000
14/11/2019;106052000000;106758000000;105820000000;106557000000;106557000000
18/11/2019;106566000000;107519000000;106282000000;106347000000;106347000000
19/11/2019;106269000000;106950000000;105367000000;105618000000;105618000000
21/11/2019;105866000000;107497000000;105864000000;107497000000;107497000000
22/11/2019;107497000000;108692000000;107157000000;108692000000;108692000000
25/11/2019;108692000000;108915000000;108080000000;108424000000;108424000000
26/11/2019;108424000000;108424000000;106414000000;107059000000;107059000000
27/11/2019;107059000000;107991000000;106312000000;107708000000;107708000000
28/11/2019;107708000000;108333000000;107148000000;108290000000;108290000000
29/11/2019;108283000000;108708000000;107759000000;108233000000;108233000000
02/12/2019;108246000000;109279000000;108245000000;109061000000;109061000000
03/12/2019;108931000000;109198000000;108190000000;108956000000;108956000000
04/12/2019;108962000000;110301000000;108962000000;110301000000;110301000000
05/12/2019;110297000000;111073000000;110008000000;110622000000;110622000000
06/12/2019;110623000000;111430000000;110623000000;111126000000;111126000000
09/12/2019;111125000000;111453000000;110870000000;110977000000;110977000000
10/12/2019;110973000000;111184000000;110133000000;110672000000;110672000000
11/12/2019;110672000000;111227000000;110530000000;110964000000;110964000000
12/12/2019;110963000000;112445000000;110963000000;112200000000;112200000000
13/12/2019;112205000000;112829000000;111780000000;112565000000;112565000000
16/12/2019;112565000000;113197000000;111896000000;111896000000;111896000000
17/12/2019;111897000000;112695000000;111897000000;112616000000;112616000000
18/12/2019;112618000000;114339000000;112300000000;114315000000;114315000000
19/12/2019;114313000000;115132000000;113712000000;115131000000;115131000000
20/12/2019;115133000000;115171000000;114526000000;115121000000;115121000000
23/12/2019;115119000000;115863000000;114964000000;115863000000;115863000000
26/12/2019;115864000000;117220000000;115673000000;117203000000;117203000000
27/12/2019;117205000000;117803000000;115995000000;116534000000;116534000000
30/12/2019;116530000000;117086000000;115790000000;115964000000;115964000000
02/01/2020;115652000000;118573000000;115649000000;118573000000;118573000000
03/01/2020;118564000000;118792000000;117341000000;117707000000;117707000000
06/01/2020;117707000000;117707000000;116269000000;116878000000;116878000000
07/01/2020;116872000000;117076000000;115965000000;116662000000;116662000000
08/01/2020;116667000000;117335000000;115693000000;116247000000;116247000000
09/01/2020;116248000000;116820000000;115411000000;115947000000;115947000000
10/01/2020;115948000000;116745000000;114952000000;115503000000;115503000000
13/01/2020;115503000000;117333000000;115503000000;117325000000;117325000000
14/01/2020;117325000000;117705000000;116610000000;117632000000;117632000000
15/01/2020;117632000000;117632000000;116188000000;116414000000;116414000000
16/01/2020;116415000000;117106000000;115961000000;116704000000;116704000000
17/01/2020;116710000000;118479000000;116710000000;118478000000;118478000000
20/01/2020;118478000000;118862000000;117928000000;118862000000;118862000000
21/01/2020;118861000000;118861000000;117026000000;117026000000;117026000000
22/01/2020;117035000000;118401000000;117035000000;118391000000;118391000000
23/01/2020;118391000000;119535000000;116906000000;119528000000;119528000000
24/01/2020;119528000000;119593000000;118108000000;118376000000;118376000000
27/01/2020;118347000000;118347000000;114376000000;114482000000;114482000000
28/01/2020;114482000000;116797000000;114475000000;116479000000;116479000000
29/01/2020;116494000000;117171000000;115164000000;115385000000;115385000000
30/01/2020;115375000000;115528000000;112825000000;115528000000;115528000000
31/01/2020;115518000000;115518000000;113148000000;113761000000;113761000000
03/02/2020;113761000000;115299000000;113467000000;114629000000;114629000000
04/02/2020;114631000000;116556000000;114631000000;115557000000;115557000000
05/02/2020;115563000000;117701000000;115562000000;116028000000;116028000000
06/02/2020;116033000000;117382000000;114723000000;115190000000;115190000000
07/02/2020;115190000000;115190000000;113769000000;113770000000;113770000000
10/02/2020;113771000000;114176000000;112134000000;112570000000;112570000000
11/02/2020;112574000000;115576000000;112574000000;115371000000;115371000000
12/02/2020;115371000000;117581000000;115371000000;116674000000;116674000000
13/02/2020;116660000000;116660000000;114801000000;115662000000;115662000000
14/02/2020;115663000000;115663000000;114132000000;114381000000;114381000000
17/02/2020;114381000000;115696000000;114381000000;115309000000;115309000000
18/02/2020;115309000000;115309000000;113532000000;114977000000;114977000000
19/02/2020;114982000000;116545000000;114774000000;116518000000;116518000000
20/02/2020;116518000000;116552000000;114379000000;114586000000;114586000000
21/02/2020;114585000000;114585000000;112661000000;113681000000;113681000000
26/02/2020;113647000000;113647000000;105053000000;105718000000;105718000000
27/02/2020;105711000000;106656000000;102984000000;102984000000;102984000000
28/02/2020;102984000000;104172000000;99951000000;104172000000;104172000000
02/03/2020;104260000000;107220000000;103779000000;106625000000;106625000000
03/03/2020;106630000000;108804000000;104405000000;105537000000;105537000000
04/03/2020;105540000000;107809000000;105042000000;107224000000;107224000000
05/03/2020;107217000000;107217000000;100536000000;102233000000;102233000000
06/03/2020;102231000000;102231000000;96886000000;97997000000;97997000000
09/03/2020;97982000000;97982000000;85880000000;86067000000;86067000000
10/03/2020;86071000000;92230000000;86071000000;92214000000;92214000000
11/03/2020;92202000000;92202000000;80796000000;85171000000;85171000000
12/03/2020;85103000000;85103000000;68488000000;72583000000;72583000000
13/03/2020;72621000000;83758000000;72621000000;82678000000;82678000000
16/03/2020;82565000000;82565000000;70855000000;71168000000;71168000000
17/03/2020;71178000000;77255000000;70783000000;74617000000;74617000000
18/03/2020;74576000000;74576000000;63547000000;66895000000;66895000000
19/03/2020;66883000000;70071000000;61691000000;68332000000;68332000000
20/03/2020;68344000000;72247000000;66120000000;67069000000;67069000000
23/03/2020;67067000000;67604000000;62161000000;63570000000;63570000000
24/03/2020;63604000000;71535000000;63604000000;69729000000;69729000000
25/03/2020;69727000000;76714000000;69360000000;74956000000;74956000000
26/03/2020;74956000000;78846000000;74923000000;77710000000;77710000000
27/03/2020;77708000000;77708000000;73057000000;73429000000;73429000000
30/03/2020;73431000000;75430000000;73184000000;74640000000;74640000000
31/03/2020;74629000000;75511000000;72385000000;73020000000;73020000000
01/04/2020;73011000000;73011000000;69569000000;70967000000;70967000000
02/04/2020;70969000000;73861000000;70957000000;72253000000;72253000000
03/04/2020;72241000000;72241000000;67802000000;69538000000;69538000000
06/04/2020;69556000000;75260000000;69556000000;74073000000;74073000000
07/04/2020;74078000000;79855000000;74078000000;76358000000;76358000000
08/04/2020;76335000000;79058000000;76115000000;78625000000;78625000000
09/04/2020;78640000000;80428000000;77457000000;77682000000;77682000000
13/04/2020;77682000000;78836000000;76405000000;78836000000;78836000000
14/04/2020;78848000000;81668000000;78848000000;79918000000;79918000000
15/04/2020;79911000000;80035000000;77546000000;78831000000;78831000000
16/04/2020;78837000000;80167000000;77452000000;77812000000;77812000000
17/04/2020;77817000000;79846000000;77754000000;78990000000;78990000000
20/04/2020;78989000000;80106000000;76943000000;78973000000;78973000000
22/04/2020;78973000000;81184000000;78973000000;80687000000;80687000000
23/04/2020;80690000000;81934000000;78622000000;79673000000;79673000000
24/04/2020;79667000000;79667000000;72041000000;75331000000;75331000000
27/04/2020;75334000000;78563000000;75327000000;78239000000;78239000000
28/04/2020;78243000000;81427000000;78243000000;81312000000;81312000000
29/04/2020;81313000000;83598000000;81313000000;83171000000;83171000000
30/04/2020;83169000000;83169000000;80168000000;80506000000;80506000000
04/05/2020;80501000000;80502000000;77640000000;78876000000;78876000000
05/05/2020;78887000000;81066000000;78886000000;79471000000;79471000000
06/05/2020;79473000000;79996000000;78056000000;79064000000;79064000000
07/05/2020;79072000000;80061000000;78061000000;78119000000;78119000000
08/05/2020;78152000000;80557000000;78152000000;80263000000;80263000000
11/05/2020;80263000000;80723000000;78994000000;79065000000;79065000000
12/05/2020;79065000000;80344000000;77872000000;77872000000;77872000000
13/05/2020;77877000000;78911000000;77152000000;77772000000;77772000000
14/05/2020;77770000000;79011000000;75697000000;79011000000;79011000000
15/05/2020;79011000000;79538000000;77426000000;77557000000;77557000000
18/05/2020;77576000000;81420000000;77571000000;81194000000;81194000000
19/05/2020;81197000000;82175000000;80647000000;80742000000;80742000000
20/05/2020;80747000000;82290000000;80740000000;81319000000;81319000000
21/05/2020;81320000000;83309000000;81317000000;83027000000;83027000000
22/05/2020;83027000000;83027000000;81669000000;82173000000;82173000000
25/05/2020;82198000000;85876000000;82193000000;85663000000;85663000000
26/05/2020;85668000000;87333000000;85396000000;85469000000;85469000000
27/05/2020;85468000000;87946000000;85468000000;87946000000;87946000000
28/05/2020;87946000000;88091000000;86767000000;86949000000;86949000000
29/05/2020;86951000000;87410000000;85384000000;87403000000;87403000000
01/06/2020;87395000000;89019000000;86837000000;88620000000;88620000000
02/06/2020;88622000000;91046000000;88622000000;91046000000;91046000000
03/06/2020;91048000000;93710000000;91048000000;93002000000;93002000000
04/06/2020;92993000000;94132000000;92221000000;93829000000;93829000000
05/06/2020;93839000000;97356000000;93839000000;94637000000;94637000000
08/06/2020;94640000000;97693000000;94635000000;97645000000;97645000000
09/06/2020;97644000000;97644000000;95386000000;96747000000;96747000000
10/06/2020;96747000000;97646000000;94665000000;94686000000;94686000000
12/06/2020;94677000000;94703000000;90811000000;92795000000;92795000000
15/06/2020;92780000000;93112000000;90148000000;92376000000;92376000000
16/06/2020;92387000000;95216000000;92387000000;93531000000;93531000000
17/06/2020;93531000000;96611000000;93531000000;95547000000;95547000000
18/06/2020;95547000000;97110000000;94698000000;96125000000;96125000000
19/06/2020;96138000000;97540000000;95874000000;96572000000;96572000000
22/06/2020;96572000000;96870000000;94869000000;95336000000;95336000000
23/06/2020;95344000000;97486000000;95344000000;95975000000;95975000000
24/06/2020;95974000000;95974000000;93259000000;94377000000;94377000000
25/06/2020;94382000000;96260000000;94152000000;95983000000;95983000000
26/06/2020;95979000000;95979000000;93514000000;93834000000;93834000000
29/06/2020;93837000000;95735000000;93825000000;95735000000;95735000000
30/06/2020;95728000000;96257000000;94806000000;95056000000;95056000000
01/07/2020;95062000000;96852000000;95062000000;96203000000;96203000000
02/07/2020;96206000000;97864000000;96052000000;96235000000;96235000000
03/07/2020;96237000000;96765000000;95803000000;96765000000;96765000000
06/07/2020;96776000000;99257000000;96768000000;98937000000;98937000000
07/07/2020;98937000000;98938000000;97272000000;97761000000;97761000000
08/07/2020;97765000000;99973000000;97765000000;99770000000;99770000000
09/07/2020;99770000000;100191000000;98861000000;99160000000;99160000000
10/07/2020;99160000000;100101000000;98739000000;100032000000;100032000000
13/07/2020;100027000000;100858000000;98697000000;98697000000;98697000000
14/07/2020;98699000000;100632000000;98289000000;100440000000;100440000000
15/07/2020;100444000000;102114000000;100444000000;101791000000;101791000000
16/07/2020;101791000000;101792000000;100160000000;100553000000;100553000000
17/07/2020;100554000000;103017000000;100554000000;102888000000;102888000000
20/07/2020;102888000000;104439000000;102744000000;104426000000;104426000000
21/07/2020;104426000000;105449000000;103732000000;104310000000;104310000000
22/07/2020;104312000000;104980000000;103277000000;104290000000;104290000000
23/07/2020;104291000000;104949000000;102119000000;102293000000;102293000000
24/07/2020;102292000000;102694000000;100859000000;102382000000;102382000000
27/07/2020;102381000000;104585000000;102381000000;104477000000;104477000000
28/07/2020;104477000000;104663000000;103592000000;104109000000;104109000000
29/07/2020;104112000000;105704000000;104112000000;105605000000;105605000000
30/07/2020;105605000000;105607000000;103920000000;105009000000;105009000000
31/07/2020;105010000000;105462000000;102642000000;102912000000;102912000000
03/08/2020;102913000000;103863000000;102304000000;102830000000;102830000000
04/08/2020;102826000000;103012000000;100005000000;101216000000;101216000000
05/08/2020;101220000000;103763000000;101220000000;102802000000;102802000000
06/08/2020;102733000000;104523000000;102733000000;104126000000;104126000000
07/08/2020;104116000000;104126000000;101957000000;102776000000;102776000000
10/08/2020;102776000000;103722000000;101282000000;103444000000;103444000000
11/08/2020;103449000000;104409000000;102174000000;102174000000;102174000000
12/08/2020;102176000000;103116000000;100698000000;102118000000;102118000000
13/08/2020;102118000000;103237000000;100187000000;100461000000;100461000000
14/08/2020;100469000000;101717000000;100445000000;101353000000;101353000000
17/08/2020;101348000000;101689000000;98513000000;99595000000;99595000000
18/08/2020;99597000000;102247000000;99597000000;102065000000;102065000000
19/08/2020;102072000000;102334000000;100800000000;100854000000;100854000000
20/08/2020;100853000000;101749000000;99131000000;101468000000;101468000000
21/08/2020;101460000000;101566000000;100412000000;101521000000;101521000000
24/08/2020;101525000000;102515000000;101525000000;102298000000;102298000000
25/08/2020;102293000000;102708000000;101623000000;102118000000;102118000000
26/08/2020;102119000000;102521000000;99359000000;100627000000;100627000000
27/08/2020;100625000000;101548000000;99857000000;100624000000;100624000000
28/08/2020;100631000000;102347000000;100631000000;102143000000;102143000000
31/08/2020;102142000000;102142000000;99369000000;99369000000;99369000000
01/09/2020;99382000000;102238000000;99382000000;102168000000;102168000000
02/09/2020;102168000000;102824000000;100872000000;101911000000;101911000000
03/09/2020;101911000000;103226000000;99751000000;100721000000;100721000000
04/09/2020;100733000000;101582000000;98961000000;101242000000;101242000000
08/09/2020;101239000000;101239000000;99373000000;100050000000;100050000000
09/09/2020;100050000000;101578000000;100050000000;101292000000;101292000000
10/09/2020;101291000000;101536000000;98687000000;98835000000;98835000000
11/09/2020;98839000000;99435000000;97758000000;98363000000;98363000000
14/09/2020;98367000000;100520000000;98367000000;100275000000;100275000000
15/09/2020;100277000000;100949000000;99647000000;100298000000;100298000000
16/09/2020;100299000000;100663000000;99663000000;99676000000;99676000000
17/09/2020;99674000000;100251000000;98562000000;100098000000;100098000000
18/09/2020;100098000000;100102000000;98045000000;98290000000;98290000000
21/09/2020;98283000000;98283000000;95820000000;96991000000;96991000000
22/09/2020;96995000000;97684000000;96390000000;97294000000;97294000000
23/09/2020;97294000000;97389000000;95728000000;95735000000;95735000000
24/09/2020;95735000000;97955000000;95653000000;97012000000;97012000000
25/09/2020;97011000000;97012000000;95632000000;96999000000;96999000000
28/09/2020;97005000000;98314000000;94371000000;94666000000;94666000000
29/09/2020;94665000000;95505000000;93408000000;93580000000;93580000000
30/09/2020;93586000000;95340000000;93584000000;94603000000;94603000000
01/10/2020;94604000000;95486000000;93599000000;95479000000;95479000000
02/10/2020;95475000000;95996000000;93897000000;94016000000;94016000000
05/10/2020;94019000000;96414000000;93984000000;96089000000;96089000000
06/10/2020;96091000000;97405000000;95211000000;95615000000;95615000000
07/10/2020;95616000000;96380000000;94881000000;95526000000;95526000000
08/10/2020;95530000000;97938000000;95530000000;97920000000;97920000000
09/10/2020;97924000000;98642000000;97161000000;97483000000;97483000000
13/10/2020;97483000000;98998000000;97336000000;98503000000;98503000000
14/10/2020;98502000000;99571000000;98501000000;99334000000;99334000000
15/10/2020;99328000000;99486000000;97778000000;99054000000;99054000000
16/10/2020;99054000000;99172000000;98309000000;98309000000;98309000000
19/10/2020;98310000000;99917000000;98310000000;98658000000;98658000000
20/10/2020;98664000000;100722000000;98664000000;100540000000;100540000000
21/10/2020;100541000000;101586000000;100149000000;100552000000;100552000000
22/10/2020;100553000000;102020000000;100457000000;101918000000;101918000000
23/10/2020;101918000000;102218000000;101188000000;101260000000;101260000000
26/10/2020;101260000000;101784000000;99762000000;101017000000;101017000000
27/10/2020;101017000000;101660000000;99414000000;99606000000;99606000000
28/10/2020;99598000000;99598000000;95369000000;95369000000;95369000000
29/10/2020;95368000000;96688000000;93387000000;96582000000;96582000000
30/10/2020;96579000000;96579000000;93559000000;93952000000;93952000000
03/11/2020;93968000000;96250000000;93968000000;95587000000;95587000000
04/11/2020;95992000000;98296000000;95987000000;97811000000;97811000000
05/11/2020;97873000000;100922000000;97872000000;100774000000;100774000000
06/11/2020;100751000000;100928000000;99837000000;100799000000;100799000000
09/11/2020;100954000000;105147000000;100954000000;103913000000;103913000000
10/11/2020;103516000000;105758000000;103453000000;105351000000;105351000000
11/11/2020;105067000000;105462000000;104143000000;104532000000;104532000000
12/11/2020;104810000000;105019000000;102034000000;102175000000;102175000000
13/11/2020;102509000000;104707000000;102509000000;104512000000;104512000000
16/11/2020;104729000000;106518000000;104729000000;106430000000;106430000000
17/11/2020;106430000000;107810000000;105847000000;107229000000;107229000000
18/11/2020;107246000000;107467000000;106217000000;106483000000;106483000000
19/11/2020;106117000000;106973000000;105545000000;106517000000;106517000000
23/11/2020;106050000000;107495000000;106050000000;107379000000;107379000000
24/11/2020;107378000000;109956000000;107361000000;109786000000;109786000000
25/11/2020;109786000000;110596000000;109315000000;110133000000;110133000000
26/11/2020;110133000000;110245000000;109418000000;110227000000;110227000000
27/11/2020;110229000000;111603000000;110161000000;110575000000;110575000000
30/11/2020;110598000000;110934000000;108829000000;108888000000;108888000000
01/12/2020;108897000000;111840000000;108897000000;111335000000;111335000000
02/12/2020;111402000000;112315000000;110579000000;111814000000;111814000000
03/12/2020;111874000000;113377000000;111874000000;112919000000;112919000000
04/12/2020;112294000000;113864000000;112294000000;113682000000;113682000000
07/12/2020;113751000000;114531000000;112629000000;113625000000;113625000000
08/12/2020;113590000000;114381000000;112820000000;113571000000;113571000000
09/12/2020;113799000000;114020000000;112567000000;112722000000;112722000000
10/12/2020;113002000000;115262000000;112732000000;114992000000;114992000000
11/12/2020;115128000000;115527000000;113949000000;115323000000;115323000000
14/12/2020;115137000000;115740000000;114431000000;114975000000;114975000000
15/12/2020;114613000000;116390000000;114613000000;116146000000;116146000000
16/12/2020;116149000000;118178000000;115496000000;117947000000;117947000000
17/12/2020;117864000000;119027000000;117856000000;118157000000;118157000000
18/12/2020;118395000000;119370000000;117639000000;117679000000;117679000000
21/12/2020;118021000000;118021000000;114730000000;116016000000;116016000000
22/12/2020;115825000000;116903000000;115648000000;116348000000;116348000000
23/12/2020;116636000000;118311000000;116636000000;117857000000;117857000000
28/12/2020;117806000000;119213000000;117805000000;119051000000;119051000000
29/12/2020;119130000000;119861000000;118750000000;119475000000;119475000000
30/12/2020;119410000000;120150000000;118919000000;119306000000;119306000000
04/01/2021;119024000000;120354000000;118062000000;118558000000;118558000000
05/01/2021;118835000000;119790000000;116756000000;119223000000;119223000000
06/01/2021;119377000000;120924000000;118917000000;119851000000;119851000000
07/01/2021;119103000000;121983000000;119101000000;121956000000;121956000000
08/01/2021;122387000000;125324000000;122386000000;125077000000;125077000000
11/01/2021;125075000000;125075000000;122506000000;122807000000;122807000000
12/01/2021;123255000000;124584000000;123227000000;123998000000;123998000000
13/01/2021;123996000000;124032000000;121016000000;122040000000;122040000000
14/01/2021;121947000000;123896000000;121947000000;123481000000;123481000000
15/01/2021;123472000000;123472000000;120374000000;120502000000;120502000000
18/01/2021;120351000000;122586000000;120351000000;121242000000;121242000000
19/01/2021;121250000000;122120000000;119257000000;120673000000;120673000000
20/01/2021;120645000000;121449000000;118740000000;119708000000;119708000000
21/01/2021;119628000000;120243000000;117785000000;118443000000;118443000000
22/01/2021;118318000000;118318000000;116109000000;117172000000;117172000000
26/01/2021;117381000000;119167000000;116109000000;116464000000;116464000000
27/01/2021;116463000000;117840000000;114887000000;115882000000;115882000000
28/01/2021;115882000000;119314000000;115734000000;119314000000;119314000000
29/01/2021;118880000000;118880000000;115299000000;116007000000;116007000000
01/02/2021;115093000000;117862000000;115093000000;117365000000;117365000000
02/02/2021;117520000000;119805000000;117519000000;118234000000;118234000000
03/02/2021;118235000000;120210000000;118234000000;119725000000;119725000000
04/02/2021;119728000000;120560000000;118918000000;119261000000;119261000000
05/02/2021;119261000000;121117000000;119261000000;119925000000;119925000000
08/02/2021;120239000000;120844000000;119140000000;119516000000;119516000000
09/02/2021;119696000000;119975000000;118246000000;119429000000;119429000000
10/02/2021;119472000000;119738000000;117970000000;118430000000;118430000000
11/02/2021;118440000000;120283000000;118440000000;119235000000;119235000000
12/02/2021;119300000000;119763000000;118163000000;119116000000;119116000000
17/02/2021;119421000000;120573000000;118880000000;120391000000;120391000000
18/02/2021;120361000000;120845000000;118515000000;119140000000;119140000000
19/02/2021;119199000000;119250000000;117867000000;118748000000;118748000000
22/02/2021;118388000000;118388000000;111650000000;112668000000;112668000000
23/02/2021;112676000000;115380000000;112667000000;115227000000;115227000000
24/02/2021;115229000000;116208000000;114668000000;115668000000;115668000000
25/02/2021;115668000000;116506000000;111764000000;112256000000;112256000000
26/02/2021;112260000000;113466000000;109827000000;110035000000;110035000000
01/03/2021;110036000000;112445000000;110036000000;110335000000;110335000000
02/03/2021;110328000000;112428000000;107319000000;111540000000;111540000000
03/03/2021;111529000000;112398000000;107466000000;111184000000;111184000000
04/03/2021;111191000000;114433000000;111163000000;112690000000;112690000000
05/03/2021;112690000000;115504000000;112504000000;115202000000;115202000000
08/03/2021;115202000000;115202000000;110268000000;110612000000;110612000000
09/03/2021;110611000000;112525000000;109343000000;111331000000;111331000000
10/03/2021;111331000000;112928000000;109999000000;112776000000;112776000000
11/03/2021;112782000000;115127000000;112776000000;114984000000;114984000000
12/03/2021;114984000000;114984000000;113253000000;114160000000;114160000000
15/03/2021;114093000000;114903000000;113635000000;114851000000;114851000000
16/03/2021;114845000000;114974000000;113370000000;114019000000;114019000000
17/03/2021;114018000000;116736000000;113428000000;116549000000;116549000000
18/03/2021;116549000000;116751000000;114302000000;114835000000;114835000000
19/03/2021;114837000000;116446000000;114610000000;116222000000;116222000000
22/03/2021;116222000000;116225000000;113620000000;114979000000;114979000000
23/03/2021;114977000000;115599000000;113062000000;113262000000;113262000000
24/03/2021;113272000000;114823000000;112064000000;112064000000;112064000000
25/03/2021;112065000000;114024000000;110927000000;113750000000;113750000000
26/03/2021;113750000000;115416000000;113305000000;114781000000;114781000000
29/03/2021;114776000000;115553000000;114096000000;115419000000;115419000000
30/03/2021;115414000000;117090000000;114999000000;116850000000;116850000000
31/03/2021;116850000000;117249000000;115932000000;116634000000;116634000000
01/04/2021;116644000000;117088000000;114991000000;115253000000;115253000000
05/04/2021;115262000000;117668000000;115262000000;117518000000;117518000000
06/04/2021;117519000000;118213000000;117176000000;117499000000;117499000000
07/04/2021;117499000000;118303000000;116748000000;117624000000;117624000000
08/04/2021;117624000000;118850000000;117486000000;118313000000;118313000000
09/04/2021;118313000000;118643000000;117336000000;117670000000;117670000000
12/04/2021;117661000000;118812000000;117661000000;118812000000;118812000000
13/04/2021;118809000000;119529000000;118041000000;119297000000;119297000000
14/04/2021;119298000000;120871000000;119298000000;120295000000;120295000000
15/04/2021;120290000000;121409000000;120084000000;120701000000;120701000000
16/04/2021;120701000000;121333000000;120199000000;121114000000;121114000000
19/04/2021;121116000000;121974000000;120682000000;120934000000;120934000000
20/04/2021;120925000000;121354000000;119841000000;120062000000;120062000000
22/04/2021;120064000000;120995000000;119203000000;119371000000;119371000000
23/04/2021;119372000000;120815000000;119372000000;120530000000;120530000000
26/04/2021;120534000000;121393000000;119860000000;120595000000;120595000000
27/04/2021;120595000000;121012000000;119003000000;119388000000;119388000000
28/04/2021;119392000000;121276000000;119392000000;121053000000;121053000000
29/04/2021;121053000000;121498000000;119703000000;120066000000;120066000000
30/04/2021;120064000000;120125000000;118894000000;118894000000;118894000000
03/05/2021;118951000000;119904000000;118528000000;119209000000;119209000000
04/05/2021;119209000000;119293000000;117631000000;117712000000;117712000000
05/05/2021;117725000000;119734000000;117725000000;119564000000;119564000000
06/05/2021;119577000000;119966000000;119071000000;119921000000;119921000000
07/05/2021;119922000000;122038000000;119922000000;122038000000;122038000000
10/05/2021;122038000000;122772000000;121795000000;121909000000;121909000000
11/05/2021;121904000000;122964000000;120145000000;122964000000;122964000000
12/05/2021;122964000000;122964000000;119458000000;119710000000;119710000000
13/05/2021;119711000000;121426000000;119711000000;120706000000;120706000000
14/05/2021;120719000000;122195000000;120719000000;121881000000;121881000000
17/05/2021;121880000000;123074000000;121680000000;122938000000;122938000000
18/05/2021;122937000000;123544000000;122550000000;122980000000;122980000000
19/05/2021;122976000000;123013000000;121595000000;122636000000;122636000000
20/05/2021;122636000000;122734000000;122136000000;122701000000;122701000000
21/05/2021;122701000000;122799000000;121760000000;122592000000;122592000000
24/05/2021;122592000000;124167000000;122526000000;124032000000;124032000000
25/05/2021;124032000000;124696000000;122701000000;122988000000;122988000000
26/05/2021;122988000000;124256000000;122988000000;123989000000;123989000000
27/05/2021;123989000000;124537000000;123470000000;124367000000;124367000000
28/05/2021;124367000000;125698000000;124284000000;125561000000;125561000000
31/05/2021;125561000000;126216000000;125540000000;126216000000;126216000000
01/06/2021;126218000000;128363000000;126218000000;128267000000;128267000000
02/06/2021;128268000000;129601000000;128167000000;129601000000;129601000000
04/06/2021;129600000000;130137000000;129148000000;130126000000;130126000000
07/06/2021;130125000000;131190000000;129498000000;130776000000;130776000000
08/06/2021;130776000000;130776000000;129230000000;129787000000;129787000000
09/06/2021;129800000000;130882000000;129281000000;129907000000;129907000000
10/06/2021;129911000000;130527000000;129526000000;130076000000;130076000000
11/06/2021;130076000000;130294000000;128678000000;129441000000;129441000000
14/06/2021;129441000000;131084000000;129441000000;130208000000;130208000000
15/06/2021;130208000000;130436000000;129304000000;130091000000;130091000000
16/06/2021;130091000000;130283000000;128345000000;129259000000;129259000000
17/06/2021;129259000000;129919000000;127576000000;128057000000;128057000000
18/06/2021;128050000000;128796000000;127595000000;128405000000;128405000000
21/06/2021;128405000000;129412000000;128048000000;129265000000;129265000000
22/06/2021;129242000000;129259000000;127803000000;128767000000;128767000000
23/06/2021;128769000000;129901000000;128182000000;128428000000;128428000000
24/06/2021;128433000000;129541000000;128428000000;129514000000;129514000000
25/06/2021;129513000000;129748000000;126697000000;127256000000;127256000000
28/06/2021;127255000000;128067000000;126629000000;127429000000;127429000000
29/06/2021;127429000000;127507000000;126184000000;127327000000;127327000000
30/06/2021;127323000000;127323000000;126199000000;126802000000;126802000000
01/07/2021;126802000000;127204000000;124994000000;125666000000;125666000000
02/07/2021;125667000000;127672000000;125667000000;127622000000;127622000000
05/07/2021;127622000000;127633000000;126531000000;126920000000;126920000000
06/07/2021;126919000000;126919000000;124866000000;125095000000;125095000000
07/07/2021;125096000000;127249000000;125094000000;127019000000;127019000000
08/07/2021;127013000000;127013000000;124310000000;125428000000;125428000000
12/07/2021;125428000000;127782000000;125428000000;127594000000;127594000000
13/07/2021;127594000000;128420000000;126441000000;128168000000;128168000000
14/07/2021;128169000000;129620000000;128085000000;128407000000;128407000000
15/07/2021;128407000000;128976000000;126922000000;127468000000;127468000000
16/07/2021;127468000000;128010000000;125808000000;125960000000;125960000000
19/07/2021;125958000000;125958000000;123317000000;124395000000;124395000000
20/07/2021;124395000000;125631000000;123631000000;125401000000;125401000000
21/07/2021;125404000000;126112000000;125247000000;125929000000;125929000000
22/07/2021;125930000000;126428000000;125416000000;126147000000;126147000000
23/07/2021;126140000000;126204000000;124422000000;125053000000;125053000000
26/07/2021;125058000000;126214000000;125006000000;126004000000;126004000000
27/07/2021;126004000000;126026000000;123670000000;124612000000;124612000000
28/07/2021;124615000000;126712000000;124542000000;126286000000;126286000000
29/07/2021;126285000000;126476000000;124917000000;125675000000;125675000000
30/07/2021;125672000000;125673000000;121748000000;121801000000;121801000000
02/08/2021;121803000000;124536000000;121797000000;122516000000;122516000000
03/08/2021;122516000000;123765000000;120807000000;123577000000;123577000000
04/08/2021;123577000000;123587000000;121072000000;121801000000;121801000000
05/08/2021;121801000000;123541000000;121128000000;121633000000;121633000000
06/08/2021;121633000000;123287000000;121568000000;122810000000;122810000000
09/08/2021;122809000000;123597000000;122258000000;123019000000;123019000000
10/08/2021;123021000000;123513000000;122061000000;122202000000;122202000000
11/08/2021;122203000000;122756000000;120827000000;122056000000;122056000000
12/08/2021;122056000000;122095000000;120534000000;120701000000;120701000000
13/08/2021;120701000000;121275000000;120045000000;121194000000;121194000000
16/08/2021;121191000000;121191000000;118684000000;119180000000;119180000000
17/08/2021;119179000000;119179000000;116248000000;117904000000;117904000000
18/08/2021;117904000000;118739000000;116489000000;116643000000;116643000000
19/08/2021;116641000000;117453000000;114801000000;117165000000;117165000000
20/08/2021;117163000000;118308000000;116040000000;118053000000;118053000000
23/08/2021;118053000000;118445000000;117062000000;117472000000;117472000000
24/08/2021;117474000000;120463000000;117474000000;120211000000;120211000000
25/08/2021;120210000000;120818000000;119226000000;120818000000;120818000000
26/08/2021;120817000000;120833000000;118719000000;118724000000;118724000000
27/08/2021;118725000000;120678000000;118721000000;120678000000;120678000000
30/08/2021;120677000000;120684000000;119354000000;119740000000;119740000000
31/08/2021;119738000000;120157000000;117911000000;118781000000;118781000000
01/09/2021;118793000000;119942000000;118067000000;119396000000;119396000000
02/09/2021;119394000000;119397000000;116534000000;116677000000;116677000000
03/09/2021;116679000000;117396000000;115583000000;116933000000;116933000000
06/09/2021;116926000000;117981000000;116156000000;117869000000;117869000000
08/09/2021;117866000000;117866000000;113172000000;113413000000;113413000000
09/09/2021;113413000000;116354000000;112435000000;115361000000;115361000000
10/09/2021;115370000000;116896000000;114286000000;114286000000;114286000000
13/09/2021;114300000000;117046000000;114300000000;116404000000;116404000000
14/09/2021;116405000000;117270000000;115809000000;116181000000;116181000000
15/09/2021;116191000000;116312000000;114741000000;115063000000;115063000000
16/09/2021;115062000000;115062000000;113395000000;113794000000;113794000000
17/09/2021;113794000000;113794000000;111157000000;111439000000;111439000000
20/09/2021;111435000000;111435000000;107520000000;108844000000;108844000000
21/09/2021;108859000000;110923000000;108859000000;110250000000;110250000000
22/09/2021;110252000000;113321000000;110251000000;112282000000;112282000000
23/09/2021;112282000000;114330000000;112281000000;114064000000;114064000000
24/09/2021;114062000000;114062000000;112505000000;113283000000;113283000000
27/09/2021;113283000000;114432000000;112360000000;113583000000;113583000000
28/09/2021;113584000000;113584000000;109981000000;110124000000;110124000000
29/09/2021;110125000000;112028000000;110125000000;111107000000;111107000000
30/09/2021;111117000000;112371000000;110743000000;110979000000;110979000000
01/10/2021;110980000000;113020000000;110980000000;112900000000;112900000000
04/10/2021;112900000000;112900000000;109979000000;110393000000;110393000000
05/10/2021;110397000000;111691000000;110087000000;110458000000;110458000000
06/10/2021;110454000000;110614000000;108180000000;110560000000;110560000000
07/10/2021;110563000000;111522000000;110563000000;110585000000;110585000000
08/10/2021;110586000000;114172000000;110586000000;112833000000;112833000000
11/10/2021;112834000000;113982000000;112052000000;112180000000;112180000000
13/10/2021;112180000000;114159000000;111807000000;113456000000;113456000000
14/10/2021;113457000000;113881000000;112708000000;113185000000;113185000000
15/10/2021;113189000000;114776000000;113049000000;114648000000;114648000000
18/10/2021;114647000000;114927000000;112841000000;114428000000;114428000000
19/10/2021;114422000000;114422000000;109947000000;110673000000;110673000000
20/10/2021;110677000000;112023000000;110176000000;110786000000;110786000000
21/10/2021;110767000000;110767000000;105714000000;107735000000;107735000000
22/10/2021;107714000000;107749000000;102854000000;106296000000;106296000000
25/10/2021;106298000000;109372000000;106296000000;108715000000;108715000000
26/10/2021;108713000000;108713000000;106321000000;106420000000;106420000000
27/10/2021;106433000000;108224000000;106045000000;106363000000;106363000000
28/10/2021;106369000000;107210000000;105282000000;105705000000;105705000000
29/10/2021;105707000000;105954000000;103430000000;103501000000;103501000000
01/11/2021;103514000000;106136000000;103514000000;105551000000;105551000000
03/11/2021;105547000000;106754000000;104205000000;105617000000;105617000000
04/11/2021;105617000000;105627000000;102835000000;103412000000;103412000000
05/11/2021;103412000000;105555000000;103412000000;104824000000;104824000000
08/11/2021;104824000000;105679000000;104182000000;104781000000;104781000000
09/11/2021;104783000000;106674000000;104783000000;105535000000;105535000000
10/11/2021;105535000000;107407000000;105140000000;105968000000;105968000000
11/11/2021;105988000000;108669000000;105988000000;107725000000;107725000000
12/11/2021;107576000000;107915000000;105842000000;106312000000;106312000000
16/11/2021;106336000000;106971000000;104113000000;104508000000;104508000000
17/11/2021;104405000000;105535000000;102551000000;102945000000;102945000000
18/11/2021;102948000000;103757000000;102014000000;102524000000;102524000000
19/11/2021;102426000000;103975000000;102143000000;103035000000;103035000000
22/11/2021;103036000000;104613000000;102122000000;102122000000;102122000000
23/11/2021;102124000000;103692000000;101736000000;103663000000;103663000000
24/11/2021;103652000000;105041000000;102464000000;104514000000;104514000000
25/11/2021;104514000000;106400000000;104514000000;105811000000;105811000000
26/11/2021;105810000000;105810000000;101495000000;102224000000;102224000000
29/11/2021;102227000000;104149000000;102226000000;102814000000;102814000000
30/11/2021;102814000000;103066000000;100075000000;101915000000;101915000000
01/12/2021;101916000000;104087000000;100727000000;100775000000;100775000000
02/12/2021;100785000000;104466000000;100785000000;104466000000;104466000000
03/12/2021;104467000000;106814000000;104090000000;105070000000;105070000000
06/12/2021;105070000000;107498000000;105070000000;106859000000;106859000000
07/12/2021;106868000000;108655000000;106868000000;107558000000;107558000000
08/12/2021;107558000000;108521000000;107309000000;108096000000;108096000000
09/12/2021;106573000000;106754000000;105890000000;106291000000;106291000000
10/12/2021;106296000000;108275000000;106296000000;107758000000;107758000000
13/12/2021;107758000000;109493000000;107383000000;107383000000;107383000000
14/12/2021;107387000000;109148000000;106445000000;106760000000;106760000000
15/12/2021;106763000000;107603000000;105697000000;107370000000;107370000000
16/12/2021;107433000000;109034000000;107433000000;108212000000;108212000000
17/12/2021;108324000000;108324000000;106518000000;107201000000;107201000000
20/12/2021;107171000000;107171000000;104358000000;105020000000;105020000000
21/12/2021;105020000000;105906000000;105020000000;105500000000;105500000000
22/12/2021;105499000000;105711000000;104386000000;105244000000;105244000000
23/12/2021;105251000000;105453000000;104637000000;104891000000;104891000000
27/12/2021;104892000000;105694000000;104798000000;105531000000;105531000000
28/12/2021;105555000000;105652000000;104503000000;104864000000;104864000000
29/12/2021;104863000000;105190000000;103851000000;104107000000;104107000000
30/12/2021;104106000000;105269000000;104106000000;104822000000;104822000000
03/01/2022;104823000000;106125000000;103413000000;103922000000;103922000000
04/01/2022;103922000000;104276000000;103096000000;103514000000;103514000000
05/01/2022;103514000000;103514000000;100850000000;101006000000;101006000000
06/01/2022;101006000000;102235000000;101000000000;101561000000;101561000000
07/01/2022;101561000000;102719000000;101104000000;102719000000;102719000000
10/01/2022;102719000000;102719000000;101038000000;101945000000;101945000000
11/01/2022;101946000000;103780000000;101918000000;103779000000;103779000000
12/01/2022;103779000000;105869000000;103771000000;105686000000;105686000000
13/01/2022;105686000000;106251000000;104974000000;105530000000;105530000000
14/01/2022;105530000000;107062000000;105028000000;106928000000;106928000000
17/01/2022;106927000000;106928000000;106097000000;106692000000;106692000000
18/01/2022;106369000000;107013000000;105786000000;106522000000;106522000000
19/01/2022;106670000000;108602000000;106669000000;108013000000;108013000000
20/01/2022;108015000000;109873000000;108015000000;109102000000;109102000000
21/01/2022;109097000000;109786000000;108368000000;108942000000;108942000000
24/01/2022;108941000000;108948000000;106624000000;107752000000;107752000000
25/01/2022;107935000000;110115000000;107185000000;109845000000;109845000000
26/01/2022;110207000000;112695000000;110204000000;111573000000;111573000000
27/01/2022;111303000000;113057000000;111303000000;112315000000;112315000000
28/01/2022;112611000000;112969000000;111407000000;111478000000;111478000000
31/01/2022;111910000000;112495000000;111195000000;112388000000;112388000000
01/02/2022;112143000000;113302000000;112135000000;113147000000;113147000000
02/02/2022;113228000000;113666000000;111645000000;112161000000;112161000000
03/02/2022;111897000000;112502000000;111225000000;111696000000;111696000000
04/02/2022;111696000000;112415000000;110321000000;112245000000;112245000000
07/02/2022;112247000000;112517000000;111490000000;111996000000;111996000000
08/02/2022;111995000000;112251000000;110943000000;112234000000;112234000000
09/02/2022;112233000000;113163000000;111710000000;112461000000;112461000000
10/02/2022;112462000000;113812000000;112163000000;113359000000;113359000000
11/02/2022;113368000000;114899000000;113128000000;113572000000;113572000000
14/02/2022;113643000000;114167000000;113358000000;113807000000;113807000000
15/02/2022;113905000000;114819000000;113882000000;114660000000;114660000000
16/02/2022;114830000000;115734000000;114816000000;115181000000;115181000000
17/02/2022;115181000000;115214000000;113389000000;113528000000;113528000000
18/02/2022;113534000000;114213000000;112701000000;112768000000;112768000000
21/02/2022;112880000000;113405000000;111608000000;111725000000;111725000000
22/02/2022;111727000000;113315000000;111727000000;112892000000;112892000000
23/02/2022;112892000000;113721000000;111748000000;112008000000;112008000000
24/02/2022;112001000000;112001000000;109125000000;111592000000;111592000000
25/02/2022;111591000000;113142000000;110673000000;113142000000;113142000000
